Brand,Weight,SoC,CPU,GPU,RAM,Storage,Memory cards,Display,Battery,OS,Camera,SIM card,Wi-Fi,USB,Bluetooth,Positioning,priceUrl,imageUrl,name
lava,159 g,MediaTek MT6737M,"ARM Cortex-A53, 1250 MHz, Cores: 4","ARM Mali-T720 MP2, 550 MHz, Cores: 2","3 GB, 640 MHz",32 GB,"microSD, microSDHC, microSDXC","5.2 in, IPS, 720 x 1280 pixels, 24 bit","2750 mAh, Li-Polymer",Star OS 4.1 (Android 7.0 Nougat),"3264 x 2448 pixels, 1920 x 1080 pixels, 30 fps","Micro-SIM, Nano-SIM / microSD","b, g, n, Wi-Fi Hotspot","2.0, Micro USB",4.0,"GPS, A-GPS",https://www.devicespecifications.com/en/price/0abd462a,https://www.devicespecifications.com/images/model/0abd462a/320/main.jpg,Z90;
lava,137 g,MediaTek MT6737M,"ARM Cortex-A53, 1250 MHz, Cores: 4","ARM Mali-T720 MP2, 550 MHz, Cores: 2","3 GB, 640 MHz",16 GB,"microSD, microSDHC, microSDXC","5 in, IPS, 720 x 1280 pixels, 24 bit","2500 mAh, Li-Polymer",Star OS 4.1 (Android 7.0 Nougat),"3264 x 2448 pixels, 1920 x 1080 pixels, 30 fps","Micro-SIM, Nano-SIM / microSD","b, g, n, Wi-Fi Hotspot","2.0, Micro USB",4.0,"GPS, A-GPS",,https://www.devicespecifications.com/images/model/e83a4629/320/main.jpg,Z80;
lava,140 g,MediaTek MT6737M,"ARM Cortex-A53, 1250 MHz, Cores: 4","ARM Mali-T720 MP2, 550 MHz, Cores: 2","2 GB, 640 MHz",16 GB,"microSD, microSDHC, microSDXC","5 in, IPS, 720 x 1280 pixels, 24 bit","2500 mAh, Li-Polymer",Star OS 4.1 (Android 7.0 Nougat),"3264 x 2448 pixels, 1920 x 1080 pixels, 30 fps",Micro-SIM,"b, g, n, Wi-Fi Hotspot","2.0, Micro USB",4.0,"GPS, A-GPS",,https://www.devicespecifications.com/images/model/540a4628/320/main.jpg,Z70;
lava,149 g,MediaTek MT6737M,"ARM Cortex-A53, 1100 MHz, Cores: 4","ARM Mali-T720 MP2, 550 MHz, Cores: 2","1 GB, 640 MHz",16 GB,"microSD, microSDHC, microSDXC","5 in, IPS, 480 x 854 pixels, 24 bit","2500 mAh, Li-Polymer",Star OS 4.1 (Android 7.0 Nougat),"2592 x 1944 pixels, 1920 x 1080 pixels, 30 fps",Micro-SIM,"b, g, n, Wi-Fi Hotspot","2.0, Micro USB",4.0,"GPS, A-GPS",,https://www.devicespecifications.com/images/model/c4c945ff/320/main.jpg,Z60;
lava,160 g,Spreadtrum SC9832,"ARM Cortex-A7, 1300 MHz, Cores: 4","ARM Mali-400 MP2, 512 MHz, Cores: 2",2 GB,16 GB,"microSD, microSDHC","5 in, IPS, 480 x 854 pixels, 24 bit","2350 mAh, Li-Polymer",Android 7.0 Nougat,"3264 x 2448 pixels, 1280 x 720 pixels, 30 fps",Micro-SIM,"b, g, n, Wi-Fi Hotspot","2.0, Micro USB",4.0,"GPS, A-GPS",,https://www.devicespecifications.com/images/model/c21444ba/320/main.jpg,A97 2GB+;
lava,,Spreadtrum SC7731G,"ARM Cortex-A7, 1200 MHz, Cores: 4","ARM Mali-400 MP2, 400 MHz, Cores: 2",2 GB,16 GB,"microSD, microSDHC","5.5 in, IPS, 720 x 1280 pixels, 24 bit","3000 mAh, Li-Ion",Android 6.0 Marshmallow,"3264 x 2448 pixels, 1280 x 720 pixels, 30 fps",Micro-SIM,"b, g, n, Wi-Fi Hotspot","2.0, Micro USB",4.0,"GPS, A-GPS",,https://www.devicespecifications.com/images/model/6b83445f/320/main.jpg,A93;
lava,160 g,Spreadtrum SC9832,"ARM Cortex-A7, 1300 MHz, Cores: 4","ARM Mali-400 MP2, 512 MHz, Cores: 2",1 GB,8 GB,"microSD, microSDHC","4.5 in, IPS, 480 x 800 pixels, 24 bit","2000 mAh, Li-Polymer",Android 6.0 Marshmallow,"2592 x 1944 pixels, 1280 x 720 pixels, 30 fps",Micro-SIM,"b, g, n, Wi-Fi Hotspot","2.0, Micro USB",4.0,"GPS, A-GPS",,https://www.devicespecifications.com/images/model/09884359/320/main.jpg,A77;
lava,163 g,MediaTek MT6750,"4x 1.5 GHz ARM Cortex-A53, 4x 1.0 GHz ARM Cortex-A53, Cores: 8","ARM Mali-T860 MP2, 520 MHz, Cores: 2","4 GB, 667 MHz",32 GB,"microSD, microSDHC, microSDXC","5.5 in, IPS, 720 x 1280 pixels, 24 bit","3020 mAh, Li-Polymer",Star OS 3.3 (Android 6.0 Marshmallow),"4160 x 3120 pixels, 1920 x 1080 pixels, 30 fps","Micro-SIM, Nano-SIM / microSD","b, g, n, Wi-Fi Hotspot","2.0, Micro USB",4.0,"GPS, A-GPS",https://www.devicespecifications.com/en/price/1c934232,https://www.devicespecifications.com/images/model/1c934232/320/main.jpg,Z25;
lava,148 g,MediaTek MT6735,"ARM Cortex-A53, 1300 MHz, Cores: 4","ARM Mali-T720 MP2, 600 MHz, Cores: 2","2 GB, 3 GB, 533 MHz",16 GB,"microSD, microSDHC, microSDXC","5 in, IPS, 720 x 1280 pixels, 24 bit","2650 mAh, Li-Polymer",Star OS 3.3 (Android 6.0 Marshmallow),"3264 x 2448 pixels, 1280 x 720 pixels, 30 fps",Micro-SIM,"b, g, n, Wi-Fi Hotspot","2.0, Micro USB",4.0,"GPS, A-GPS",https://www.devicespecifications.com/en/price/f5ef4231,https://www.devicespecifications.com/images/model/f5ef4231/320/main.jpg,Z10;
lava,,Spreadtrum SC7731G,"ARM Cortex-A7, 1200 MHz, Cores: 4","ARM Mali-400 MP2, 400 MHz, Cores: 2",1 GB,8 GB,"microSD, microSDHC","5 in, TFT, 480 x 800 pixels, 24 bit","2200 mAh, Li-Ion",Android 6.0 Marshmallow,"2592 x 1944 pixels, 1280 x 720 pixels, 30 fps",,"b, g, n, Wi-Fi Hotspot","2.0, Micro USB",2.1,"GPS, A-GPS",,https://www.devicespecifications.com/images/model/d6974198/320/main.jpg,A73;
lava,174 g,Spreadtrum SC9832,"ARM Cortex-A7, 1300 MHz, Cores: 4","ARM Mali-400 MP2, 512 MHz, Cores: 2",1 GB,8 GB,"microSD, microSDHC","5.5 in, IPS, 720 x 1280 pixels, 24 bit","2600 mAh, Li-Polymer",Android 6.0 Marshmallow,"3264 x 2448 pixels, 1920 x 1080 pixels, 30 fps",Micro-SIM,"b, g, n, Wi-Fi Hotspot","2.0, Micro USB",4.0,"GPS, A-GPS",,https://www.devicespecifications.com/images/model/6272418f/320/main.jpg,X28+;
lava,154 g,,"1300 MHz, Cores: 4",,2 GB,32 GB,"microSD, microSDHC","5 in, IPS, 720 x 1280 pixels, 24 bit","2500 mAh, Li-Polymer",Android 6.0 Marshmallow,"3264 x 2448 pixels, 1920 x 1080 pixels, 30 fps",Micro-SIM,"b, g, n, Wi-Fi Hotspot","2.0, Micro USB",4.0,"GPS, A-GPS",,https://www.devicespecifications.com/images/model/9897410d/320/main.jpg,X41+;
lava,,Spreadtrum SC7731G,"ARM Cortex-A7, 1200 MHz, Cores: 4","ARM Mali-400 MP2, 400 MHz, Cores: 2",1 GB,8 GB,"microSD, microSDHC","4 in, TFT, 480 x 800 pixels, 24 bit","1550 mAh, Li-Ion",Android 6.0 Marshmallow,"2592 x 1944 pixels, 1280 x 720 pixels, 30 fps",,"b, g, n, Wi-Fi Hotspot","2.0, Micro USB",2.1,"GPS, A-GPS",,https://www.devicespecifications.com/images/model/3f8640d8/320/main.jpg,A55;
lava,,Spreadtrum SC7731G,"ARM Cortex-A7, 1200 MHz, Cores: 4","ARM Mali-400 MP2, 400 MHz, Cores: 2",512 MB,8 GB,"microSD, microSDHC","4 in, TFT, 480 x 800 pixels, 24 bit","1550 mAh, Li-Ion",Android 6.0 Marshmallow,"2592 x 1944 pixels, 1280 x 720 pixels, 30 fps",,"b, g, n, Wi-Fi Hotspot","2.0, Micro USB",2.1,"GPS, A-GPS",,https://www.devicespecifications.com/images/model/591b40d7/320/main.jpg,A50;
lava,,Spreadtrum SC7731G,"ARM Cortex-A7, 1300 MHz, Cores: 4","ARM Mali-400 MP2, 400 MHz, Cores: 2",2 GB,8 GB,"microSD, microSDHC","5 in, IPS, 720 x 1280 pixels, 24 bit","2200 mAh, Li-Ion",Android 6.0 Marshmallow,"3264 x 2448 pixels, 1280 x 720 pixels, 30 fps","Micro-SIM, Mini-SIM","b, g, n, Wi-Fi Hotspot","2.0, Micro USB",4.0,"GPS, A-GPS",,https://www.devicespecifications.com/images/model/e75440a1/320/main.jpg,X19;
lava,155 g,Spreadtrum SC8830,"ARM Cortex-A7, 1300 MHz, Cores: 4","ARM Mali-400 MP2, Cores: 2",2 GB,32 GB,"microSD, microSDHC","5.5 in, IPS, 720 x 1280 pixels, 24 bit","2800 mAh, Li-Polymer",Android 6.0 Marshmallow,"3264 x 2448 pixels, 1920 x 1080 pixels, 30 fps",Micro-SIM,"b, g, n, Wi-Fi Hotspot","2.0, Micro USB",4.0,"GPS, A-GPS",,https://www.devicespecifications.com/images/model/4ed33fef/320/main.jpg,X50 Plus;
lava,,Spreadtrum SC7731G,"ARM Cortex-A7, 1200 MHz, Cores: 4","ARM Mali-400 MP2, 400 MHz, Cores: 2",512 MB,8 GB,"microSD, microSDHC","4.5 in, TFT, 480 x 854 pixels, 24 bit","1750 mAh, Li-Ion",Android 6.0 Marshmallow,"2592 x 1944 pixels, 1280 x 720 pixels, 30 fps","Mini-SIM, Micro-SIM","b, g, n, Wi-Fi Hotspot","2.0, Micro USB",2.1,"GPS, A-GPS",,https://www.devicespecifications.com/images/model/aef03f7f/320/main.jpg,A51;
lava,135 g,Spreadtrum SC9830A,"ARM Cortex-A7, 1500 MHz, Cores: 4","ARM Mali-400 MP2, Cores: 2",1 GB,8 GB,"microSD, microSDHC","4.5 in, IPS, 480 x 854 pixels, 24 bit","1850 mAh, Li-Polymer",Android 6.0 Marshmallow,"2592 x 1944 pixels, 1280 x 720 pixels, 30 fps",,"b, g, n, Wi-Fi Hotspot","2.0, Micro USB",4.0,"GPS, A-GPS",,https://www.devicespecifications.com/images/model/78953f20/320/main.jpg,A76+;
lava,160 g,Spreadtrum SC9832,"ARM Cortex-A7, 1300 MHz, Cores: 4","ARM Mali-400 MP2, 512 MHz, Cores: 2","1 GB, 2 GB",8 GB,"microSD, microSDHC","5 in, TFT, 480 x 800 pixels, 24 bit","2350 mAh, Li-Polymer",Android 6.0 Marshmallow,"2592 x 1944 pixels, 1280 x 720 pixels, 30 fps",Micro-SIM,"b, g, n, Wi-Fi Hotspot","2.0, Micro USB",4.0,"GPS, A-GPS",https://www.devicespecifications.com/en/price/696e44b9,https://www.devicespecifications.com/images/model/696e44b9/320/main.jpg,A97;
lava,,MediaTek MT6571,"ARM Cortex-A7, 1300 MHz, Cores: 2","ARM Mali-400 MP1, Cores: 1",512 MB,4 GB,"microSD, microSDHC","5 in, TFT, 480 x 854 pixels, 24 bit","1850 mAh, Li-Ion",Android 4.4.2 KitKat,"2592 x 1944 pixels, 1280 x 720 pixels, 30 fps",Mini-SIM,"b, g, n","2.0, Micro USB",2.1,,,https://www.devicespecifications.com/images/model/80613e91/320/main.jpg,A56;
lava,175 g,MediaTek MT6735,"ARM Cortex-A53, 1300 MHz, Cores: 4","ARM Mali-T720 MP2, 600 MHz, Cores: 2","1 GB, 640 MHz",8 GB,"microSD, microSDHC, microSDXC","5.5 in, IPS, 720 x 1280 pixels, 24 bit","2600 mAh, Li-Polymer",Android 6.0 Marshmallow,"3264 x 2448 pixels, 1920 x 1080 pixels, 30 fps",Micro-SIM,"b, g, n, Wi-Fi Hotspot","2.0, Micro USB",4.0,"GPS, A-GPS",,https://www.devicespecifications.com/images/model/5faa3e7d/320/main.jpg,X28;
lava,,MediaTek MT6580,"ARM Cortex-A7, 1300 MHz, Cores: 4","ARM Mali-400 MP2, Cores: 2","1 GB, 533 MHz",8 GB,"microSD, microSDHC, microSDXC","5 in, IPS, 720 x 1280 pixels, 24 bit","2500 mAh, Li-Ion",Android 6.0 Marshmallow,"3264 x 2448 pixels, 1280 x 720 pixels, 30 fps",Micro-SIM,"b, g, n, Wi-Fi Hotspot","2.0, Micro USB",4.0,"GPS, A-GPS",https://www.devicespecifications.com/en/price/beef3e0c,https://www.devicespecifications.com/images/model/beef3e0c/320/main.jpg,P7+;
lava,116 g,Spreadtrum SC7731G,"ARM Cortex-A7, 1200 MHz, Cores: 4","ARM Mali-400 MP2, 400 MHz, Cores: 2",512 MB,8 GB,"microSD, microSDHC","4 in, TFT, 480 x 800 pixels, 24 bit","1300 mAh, Li-Ion",Android 5.1 Lollipop,"1600 x 1200 pixels, 640 x 480 pixels, 30 fps",Mini-SIM,"b, g, n, Wi-Fi Hotspot","2.0, Micro USB",2.1,A-GPS,,https://www.devicespecifications.com/images/model/cfe03de2/320/main.jpg,A48 8GB;
lava,,,"ARM Cortex-A53, 1000 MHz, Cores: 4","ARM Mali-T720 MP2, 400 MHz, Cores: 2","1 GB, 533 MHz",8 GB,"microSD, microSDHC","5 in, IPS, 720 x 1280 pixels, 24 bit","4000 mAh, Li-Polymer",Android 6.0 Marshmallow,"3264 x 2448 pixels, 1920 x 1080 pixels, 30 fps",Micro-SIM,"b, g, n, Wi-Fi Hotspot","2.0, Micro USB",4.0,"GPS, A-GPS",https://www.devicespecifications.com/en/price/0bf33d9b,https://www.devicespecifications.com/images/model/0bf33d9b/320/main.jpg,X38;
lava,130 g,Spreadtrum SC7731G,"ARM Cortex-A7, 1200 MHz, Cores: 4","ARM Mali-400 MP2, 400 MHz, Cores: 2",1 GB,8 GB,"microSD, microSDHC","4.5 in, TFT, 480 x 800 pixels, 24 bit","1750 mAh, Li-Ion",Android 6.0 Marshmallow,"2592 x 1944 pixels, 1280 x 720 pixels, 30 fps",Mini-SIM,"b, g, n, Wi-Fi Hotspot","2.0, Micro USB",4.0,"GPS, A-GPS",,https://www.devicespecifications.com/images/model/d7b23d4e/320/main.jpg,A68;
lava,,Spreadtrum SC9832,"ARM Cortex-A7, 1300 MHz, Cores: 4","ARM Mali-400 MP2, 512 MHz, Cores: 2",1 GB,8 GB,"microSD, microSDHC","5 in, IPS, 720 x 1280 pixels, 24 bit","2350 mAh, Li-Polymer",Android 6.0 Marshmallow,"3264 x 2448 pixels, 1920 x 1080 pixels, 30 fps",Micro-SIM,"b, g, n, Wi-Fi Hotspot","2.0, Micro USB",4.0,"GPS, A-GPS",https://www.devicespecifications.com/en/price/29d13d40,https://www.devicespecifications.com/images/model/29d13d40/320/main.jpg,X17;
lava,155 g,Spreadtrum SC8830,"ARM Cortex-A7, 1300 MHz, Cores: 4","ARM Mali-400 MP2, Cores: 2",2 GB,8 GB,"microSD, microSDHC","5.5 in, IPS, 720 x 1280 pixels, 24 bit","2800 mAh, Li-Polymer",Android 5.1 Lollipop,"3264 x 2448 pixels, 1920 x 1080 pixels, 30 fps",Micro-SIM,"b, g, n, Wi-Fi Hotspot","2.0, Micro USB",4.0,"GPS, A-GPS",,https://www.devicespecifications.com/images/model/77ec3d3d/320/main.jpg,X50;
lava,320 g,Intel Atom Z3735F,"Intel Bay Trail, 1830 MHz, Cores: 4","Intel HD Graphics, 646 MHz","1 GB, 1333 MHz",16 GB,"microSD, microSDHC","8 in, IPS, 1280 x 800 pixels, 24 bit","4200 mAh, Li-Polymer",Android 4.4 KitKat,2592 x 1944 pixels,,"b, g, n","2.0, Micro USB",4.0,"GPS, A-GPS",,https://www.devicespecifications.com/images/model/02ac3d23/320/main.jpg,X80;
lava,,MediaTek MT6735,"ARM Cortex-A53, 1300 MHz, Cores: 4","ARM Mali-T720 MP2, 600 MHz, Cores: 2","3 GB, 640 MHz",16 GB,"microSD, microSDHC, microSDXC","5 in, IPS, 720 x 1280 pixels, 24 bit","2700 mAh, Li-Polymer",Star OS 3.0 (Android 6.0 Marshmallow),"4160 x 3120 pixels, 1920 x 1080 pixels, 30 fps",Micro-SIM,"b, g, n, Wi-Fi Hotspot","2.0, Micro USB",4.0,"GPS, A-GPS, GLONASS",https://www.devicespecifications.com/en/price/c9ba3c7e,https://www.devicespecifications.com/images/model/c9ba3c7e/320/main.jpg,X81;
lava,146 g,MediaTek MT6735,"ARM Cortex-A53, 1300 MHz, Cores: 4","ARM Mali-T720 MP2, 600 MHz, Cores: 2","2 GB, 640 MHz",8 GB,"microSD, microSDHC","5 in, IPS, 720 x 1280 pixels, 24 bit","2500 mAh, Li-Polymer",Android 5.1 Lollipop,"3264 x 2448 pixels, 1920 x 1080 pixels, 30 fps",Micro-SIM,"b, g, n, Wi-Fi Hotspot","2.0, Micro USB",4.0,"GPS, A-GPS",,https://www.devicespecifications.com/images/model/267f3c75/320/main.jpg,X46;
lava,116 g,MediaTek MT6580,"ARM Cortex-A7, 1300 MHz, Cores: 4","ARM Mali-400 MP2, Cores: 2","512 MB, 533 MHz",4 GB,"microSD, microSDHC","4 in, TFT, 480 x 800 pixels, 24 bit","1300 mAh, Li-Ion",Android 5.1 Lollipop,"1600 x 1200 pixels, 640 x 480 pixels, 30 fps",Mini-SIM,"b, g, n, Wi-Fi Hotspot","2.0, Micro USB",4.0,,,https://www.devicespecifications.com/images/model/7ab33cbd/320/main.jpg,A48;
lava,142 g,Spreadtrum SC7731G,"ARM Cortex-A7, 1200 MHz, Cores: 4","ARM Mali-400 MP2, 400 MHz, Cores: 2",1 GB,8 GB,"microSD, microSDHC","5 in, TFT, 480 x 800 pixels, 24 bit","2000 mAh, Li-Ion",Android 5.1 Lollipop,"2592 x 1944 pixels, 1280 x 720 pixels, 30 fps","Mini-SIM, Micro-SIM","b, g, n, Wi-Fi Hotspot","2.0, Micro USB",4.0,"GPS, A-GPS",,https://www.devicespecifications.com/images/model/2f9d3c5d/320/main.jpg,A82;
lava,280 g,,"1000 MHz, Cores: 4",,1 GB,16 GB,"microSD, microSDHC","7 in, LCD, 1280 x 800 pixels, 24 bit","3000 mAh, Li-Polymer",Android 5.1 Lollipop,"2592 x 1944 pixels, 1920 x 1080 pixels, 30 fps",Micro-SIM,"b, g, n","2.0, Micro USB",4.0,"GPS, A-GPS",,https://www.devicespecifications.com/images/model/c1ad3c40/320/main.jpg,IvoryS 4G;
lava,140 g,Spreadtrum SC7731G,"ARM Cortex-A7, 1200 MHz, Cores: 4","ARM Mali-400 MP2, 400 MHz, Cores: 2",512 MB,4 GB,"microSD, microSDHC","4.5 in, TFT, 480 x 800 pixels, 24 bit","1750 mAh, Li-Ion",Android 5.1 Lollipop,"2592 x 1944 pixels, 1280 x 720 pixels, 30 fps",Mini-SIM,"b, g, n, Wi-Fi Hotspot","2.0, Micro USB",2.1,"GPS, A-GPS",,https://www.devicespecifications.com/images/model/e31a3c3f/320/main.jpg,A59;
lava,134 g,Spreadtrum SC7731G,"ARM Cortex-A7, 1200 MHz, Cores: 4","ARM Mali-400 MP2, 400 MHz, Cores: 2",1 GB,8 GB,"microSD, microSDHC","5.5 in, TFT, 480 x 800 pixels, 24 bit","2200 mAh, Li-Ion",Android 5.1 Lollipop,"2592 x 1944 pixels, 1280 x 720 pixels, 30 fps",,"b, g, n, Wi-Fi Hotspot","2.0, Micro USB",4.0,"GPS, A-GPS",,https://www.devicespecifications.com/images/model/f3213c32/320/main.jpg,A79;
lava,154 g,Spreadtrum SC7731G,"ARM Cortex-A7, 1200 MHz, Cores: 4","ARM Mali-400 MP2, 400 MHz, Cores: 2",512 MB,4 GB,"microSD, microSDHC","5 in, TFT, 480 x 800 pixels, 24 bit","2000 mAh, Li-Ion",Android 5.1 Lollipop,"2592 x 1944 pixels, 1280 x 720 pixels, 30 fps",Mini-SIM,"b, g, n, Wi-Fi Hotspot","2.0, Micro USB",2.1,GPS,,https://www.devicespecifications.com/images/model/24273bdf/320/main.jpg,A67;
lava,157 g,Spreadtrum SC9830A,"ARM Cortex-A7, 1500 MHz, Cores: 4","ARM Mali-400 MP2, Cores: 2",1 GB,8 GB,"microSD, microSDHC","5 in, IPS, 540 x 960 pixels, 24 bit","2000 mAh, Li-Polymer",Android 5.1.1 Lollipop,"2592 x 1944 pixels, 1920 x 1080 pixels, 30 fps",,"b, g, n, Wi-Fi Hotspot","2.0, Micro USB",4.0,"GPS, A-GPS",,https://www.devicespecifications.com/images/model/b9653bba/320/main.jpg,A89;
lava,135 g,Spreadtrum SC9830A,"ARM Cortex-A7, 1500 MHz, Cores: 4","ARM Mali-400 MP2, Cores: 2",1 GB,8 GB,"microSD, microSDHC","4.5 in, IPS, 480 x 854 pixels, 24 bit","1850 mAh, Li-Polymer",Android 5.1.1 Lollipop,"2592 x 1944 pixels, 1280 x 720 pixels, 30 fps",,"b, g, n, Wi-Fi Hotspot","2.0, Micro USB",4.0,"GPS, A-GPS",,https://www.devicespecifications.com/images/model/913b3bb9/320/main.jpg,A76;
lava,143 g,Spreadtrum SC9830A,"ARM Cortex-A7, 1500 MHz, Cores: 4","ARM Mali-400 MP2, Cores: 2",1 GB,8 GB,"microSD, microSDHC","5 in, IPS, 720 x 1280 pixels, 24 bit","2500 mAh, Li-Polymer",Android 5.1.1 Lollipop,"2592 x 1944 pixels, 1920 x 1080 pixels, 30 fps",Micro-SIM,"b, g, n, Wi-Fi Hotspot","2.0, Micro USB",4.0,"GPS, A-GPS",,https://www.devicespecifications.com/images/model/64b03bb8/320/main.jpg,A72;
lava,155 g,Spreadtrum SC7731G,"ARM Cortex-A7, 1300 MHz, Cores: 4","ARM Mali-400 MP2, 400 MHz, Cores: 2",512 MB,8 GB,"microSD, microSDHC","5 in, TFT, 480 x 854 pixels, 24 bit","3000 mAh, Li-Ion",Android 5.1 Lollipop,"2592 x 1944 pixels, 1280 x 720 pixels, 30 fps",,"b, g, n, Wi-Fi Hotspot","2.0, Micro USB",2.0,"GPS, A-GPS",,https://www.devicespecifications.com/images/model/18513b0a/320/main.jpg,Iris Fuel F2;
lava,127 g,MediaTek MT6735P,"ARM Cortex-A53, 1000 MHz, Cores: 4","ARM Mali-T720 MP2, 400 MHz, Cores: 2","2 GB, 533 MHz",8 GB,"microSD, microSDHC, microSDXC","5 in, IPS, 720 x 1280 pixels, 24 bit","2500 mAh, Li-Ion",Android 5.1.1 Lollipop,"3264 x 2448 pixels, 1280 x 720 pixels, 30 fps",Micro-SIM,"b, g, n, Wi-Fi Hotspot","2.0, Micro USB",4.0,"GPS, A-GPS",,https://www.devicespecifications.com/images/model/564c3acb/320/main.jpg,V2s;
lava,143 g,MediaTek MT6572,"ARM Cortex-A7, 1300 MHz, Cores: 2","ARM Mali-400 MP1, 500 MHz, Cores: 1","512 MB, 266 MHz",8 GB,"microSD, microSDHC","4.5 in, TFT, 480 x 854 pixels, 24 bit","1750 mAh, Li-Ion",Android 5.1 Lollipop,"2048 x 1536 pixels, 1280 x 720 pixels, 30 fps","Mini-SIM, Micro-SIM","b, g, n, Wi-Fi Hotspot","2.0, Micro USB",4.0,,,https://www.devicespecifications.com/images/model/69e63ac9/320/main.jpg,Flair S1;
lava,141 g,Spreadtrum SC9830A,"ARM Cortex-A7, 1500 MHz, Cores: 4","ARM Mali-400 MP2, Cores: 2",2 GB,8 GB,"microSD, microSDHC","5 in, IPS, 720 x 1280 pixels, 24 bit","2500 mAh, Li-Polymer",Android 5.1.1 Lollipop,"3264 x 2448 pixels, 1920 x 1080 pixels, 30 fps",Micro-SIM,"b, g, n, Wi-Fi Hotspot","2.0, Micro USB",4.0,"GPS, A-GPS",,https://www.devicespecifications.com/images/model/a5eb3a8f/320/main.jpg,X11;
lava,157 g,Spreadtrum SC9830A,"ARM Cortex-A7, 1500 MHz, Cores: 4","ARM Mali-400 MP2, Cores: 2",512 MB,4 GB,"microSD, microSDHC","5 in, TFT, 480 x 854 pixels, 24 bit","2000 mAh, Li-Ion",Android 5.1 Lollipop,"2592 x 1944 pixels, 1280 x 720 pixels, 30 fps",,"b, g, n, Wi-Fi Hotspot","2.0, Micro USB",4.0,"GPS, A-GPS",,https://www.devicespecifications.com/images/model/4e773a11/320/main.jpg,A88;
lava,143 g,Spreadtrum SC9830A,"ARM Cortex-A7, 1500 MHz, Cores: 4","ARM Mali-400 MP2, Cores: 2",1 GB,8 GB,"microSD, microSDHC","5 in, IPS, 720 x 1280 pixels, 24 bit","2500 mAh, Li-Polymer",Android 5.1.1 Lollipop,"2592 x 1944 pixels, 1920 x 1080 pixels, 30 fps",Micro-SIM,"b, g, n, Wi-Fi Hotspot","2.0, Micro USB",4.0,"GPS, A-GPS",,https://www.devicespecifications.com/images/model/fb883a06/320/main.jpg,A71;
lava,142 g,Mediatek MT6580,"ARM Cortex-A7, 1300 MHz, Cores: 4","ARM Mali-400 MP2, Cores: 2","2 GB, 533 MHz",8 GB,"microSD, microSDHC, microSDXC","5 in, IPS, 720 x 1280 pixels, 24 bit","2500 mAh, Li-Ion",Android 5.1.1 Lollipop,"3264 x 2448 pixels, 1920 x 1080 pixels, 30 fps",Micro-SIM,"b, g, n, Wi-Fi Hotspot","2.0, Micro USB",4.0,"GPS, A-GPS",,https://www.devicespecifications.com/images/model/6d4339f0/320/main.jpg,X3;
lava,153 g,MediaTek MT6580M,"ARM Cortex-A7, 1200 MHz, Cores: 4","ARM Mali-400 MP2, 416 MHz, Cores: 2","1 GB, 533 MHz",8 GB,"microSD, microSDHC","5 in, TFT, 480 x 854 pixels, 24 bit","2000 mAh, Li-Ion",Android 5.1 Lollipop,"2592 x 1944 pixels, 1280 x 720 pixels, 30 fps",Micro-SIM,"b, g, n, Wi-Fi Hotspot","2.0, Micro USB",4.0,"GPS, A-GPS",,https://www.devicespecifications.com/images/model/8ec83e0b/320/main.jpg,P7;
lava,153 g,MediaTek MT6735,"ARM Cortex-A53, 1300 MHz, Cores: 4","ARM Mali-T720 MP2, 600 MHz, Cores: 2","3 GB, 640 MHz",16 GB,"microSD, microSDHC","5.5 in, IPS, 720 x 1280 pixels, 24 bit","3000 mAh, Li-Polymer",Star OS 2.0 (Android 5.1.1 Lollipop),"4160 x 3120 pixels, 1920 x 1080 pixels, 30 fps",Micro-SIM,"b, g, n, Wi-Fi Hotspot","2.0, Micro USB",4.0,"GPS, A-GPS, GLONASS",,https://www.devicespecifications.com/images/model/6f9439c6/320/main.jpg,V5;
lava,110 g,Spreadtrum SC7731G,"ARM Cortex-A7, 1300 MHz, Cores: 4","ARM Mali-400 MP2, 400 MHz, Cores: 2",512 MB,8 GB,"microSD, microSDHC","4 in, TFT, 480 x 800 pixels, 24 bit","1550 mAh, Li-Ion",Android 5.1 Lollipop,"2592 x 1944 pixels, 640 x 480 pixels, 30 fps","Mini-SIM, Micro-SIM","b, g, n, Wi-Fi Hotspot","2.0, Micro USB",2.0,GPS,,https://www.devicespecifications.com/images/model/33fc395f/320/main.jpg,Iris Atom;
lava,320 g,MediaTek MT8321,"ARM Cortex-A7, 1300 MHz, Cores: 4","ARM Mali-400 MP2, 500 MHz, Cores: 2",2 GB,16 GB,"microSD, microSDHC","8 in, IPS, 1280 x 800 pixels, 24 bit","4000 mAh, Li-Polymer",Android 5.1 Lollipop,"3264 x 2448 pixels, 1920 x 1080 pixels, 30 fps",,"a, b, g, n, n 5GHz, Dual band","2.0, Micro USB",4.0,"GPS, A-GPS",,https://www.devicespecifications.com/images/model/5437391d/320/main.jpg,Ivory M4;
lava,150 g,Spreadtrum SC7731G,"ARM Cortex-A7, 1300 MHz, Cores: 4","ARM Mali-400 MP2, 400 MHz, Cores: 2",512 MB,8 GB,"microSD, microSDHC","5 in, TFT, 480 x 854 pixels, 24 bit","2000 mAh, Li-Ion",Android 5.1 Lollipop,"2592 x 1944 pixels, 1280 x 720 pixels, 30 fps","Mini-SIM, Micro-SIM","b, g, n, Wi-Fi Hotspot","2.0, Micro USB",2.0,GPS,,https://www.devicespecifications.com/images/model/9cc33913/320/main.jpg,Iris Atom 3;
lava,133 g,MediaTek MT6735,"ARM Cortex-A53, 1300 MHz, Cores: 4","ARM Mali-T720 MP2, 600 MHz, Cores: 2","3 GB, 640 MHz",16 GB,"microSD, microSDHC, microSDXC","5 in, IPS, 720 x 1280 pixels, 24 bit","2900 mAh, Li-Polymer",Android 5.1 Lollipop,"4128 x 3096 pixels, 1920 x 1080 pixels, 30 fps",Micro-SIM,"b, g, n, Wi-Fi Hotspot","2.0, Micro USB",4.0,"GPS, A-GPS",,https://www.devicespecifications.com/images/model/acfb385a/320/main.jpg,X10;
lava,130 g,Spreadtrum SC7731G,"ARM Cortex-A7, 1300 MHz, Cores: 4","ARM Mali-400 MP2, 400 MHz, Cores: 2",1 GB,8 GB,"microSD, microSDHC","4.5 in, TFT, 480 x 854 pixels, 24 bit","2000 mAh, Li-Ion",Android 5.1 Lollipop,"2592 x 1944 pixels, 640 x 480 pixels, 30 fps","Mini-SIM, Micro-SIM","b, g, n, Wi-Fi Hotspot","2.0, Micro USB",2.1,GPS,,https://www.devicespecifications.com/images/model/20ee3835/320/main.jpg,Iris Atom 2x;
lava,148 g,Mediatek MT6580,"ARM Cortex-A7, 1300 MHz, Cores: 4","ARM Mali-400 MP2, Cores: 2","2 GB, 533 MHz",8 GB,"microSD, microSDHC","5 in, IPS, 480 x 854 pixels, 24 bit","4000 mAh, Li-Polymer",Android 5.1 Lollipop,"3264 x 2448 pixels, 1280 x 720 pixels, 30 fps",Micro-SIM,"b, g, n, Wi-Fi Hotspot","2.0, Micro USB",4.0,"GPS, A-GPS",,https://www.devicespecifications.com/images/model/d07c3762/320/main.jpg,Iris Fuel F1;
lava,120 g,Spreadtrum SC7715,"ARM Cortex-A7, 1000 MHz, Cores: 1","ARM Mali-400 MP1, Cores: 1","512 MB, 333 MHz",8 GB,"microSD, microSDHC","4 in, TFT, 480 x 800 pixels, 24 bit","2000 mAh, Li-Ion",Android 4.4.2 KitKat,"2560 x 1920 pixels, 1280 x 720 pixels, 30 fps",Mini-SIM,"b, g, n","2.0, Micro USB",2.0,,,https://www.devicespecifications.com/images/model/67813761/320/main.jpg,Iris Fuel F1 Mini;
lava,156 g,Spreadtrum SC7715,"ARM Cortex-A7, 1000 MHz, Cores: 1","ARM Mali-400 MP1, Cores: 1","256 MB, 333 MHz",512 MB,"microSD, microSDHC","3.5 in, TFT, 320 x 480 pixels, 24 bit","1400 mAh, Li-Ion",Android 4.4 KitKat,1600 x 1200 pixels,,"b, g, n, Wi-Fi Hotspot","2.0, Micro USB",2.1,,,https://www.devicespecifications.com/images/model/a4e43713/320/main.jpg,Flair E2;
lava,128 g,MediaTek MT6735,"ARM Cortex-A53, 1300 MHz, Cores: 4","ARM Mali-T720 MP2, 600 MHz, Cores: 2","2 GB, 3 GB, 640 MHz",16 GB,"microSD, microSDHC, microSDXC","5 in, IPS, 720 x 1280 pixels, 24 bit","2500 mAh, Li-Polymer",Star OS 2.0 (Android 5.1.1 Lollipop),"4128 x 3096 pixels, 1920 x 1080 pixels, 30 fps",Micro-SIM,"b, g, n, Wi-Fi Hotspot","2.0, Micro USB",4.0,"GPS, A-GPS",,https://www.devicespecifications.com/images/model/6ff3366c/320/main.jpg,Pixel V2;
lava,130 g,Spreadtrum SC7731G,"ARM Cortex-A7, 1300 MHz, Cores: 4","ARM Mali-400 MP2, 400 MHz, Cores: 2",512 MB,8 GB,"microSD, microSDHC","4.5 in, TFT, 480 x 854 pixels, 24 bit","1750 mAh, Li-Ion",Android 4.4.2 KitKat,"2592 x 1944 pixels, 640 x 480 pixels, 30 fps","Mini-SIM, Micro-SIM","b, g, n, Wi-Fi Hotspot","2.0, Micro USB",2.0,,,https://www.devicespecifications.com/images/model/cb4b35e3/320/main.jpg,Iris Atom 2;
lava,110 g,Spreadtrum SC7715,"ARM Cortex-A7, 1000 MHz, Cores: 1","ARM Mali-400 MP1, Cores: 1","256 MB, 333 MHz",512 MB,microSDHC,"4 in, TFT, 480 x 800 pixels, 24 bit","1400 mAh, Li-Ion",Android 4.4.2 KitKat,"1600 x 1200 pixels, 640 x 480 pixels, 30 fps",Mini-SIM,"b, g, n","2.0, Micro USB",2.0,"GPS, A-GPS",,https://www.devicespecifications.com/images/model/d28635e2/320/main.jpg,Flair P1i;
lava,128 g,MediaTek MT6735,"ARM Cortex-A53, 1300 MHz, Cores: 4","ARM Mali-T720 MP2, 600 MHz, Cores: 2","2 GB, 640 MHz",16 GB,"microSD, microSDHC, microSDXC","5 in, IPS, 720 x 1280 pixels, 24 bit","2500 mAh, Li-Polymer",Android 5.1 Lollipop,"4160 x 3120 pixels, 1920 x 1080 pixels, 30 fps",Micro-SIM,"b, g, n, Wi-Fi Hotspot","2.0, Micro USB",4.0,"GPS, A-GPS",,https://www.devicespecifications.com/images/model/b77835a2/320/main.jpg,Iris X5 4G;
lava,140 g,Mediatek MT6580,"ARM Cortex-A7, 1300 MHz, Cores: 4","ARM Mali-400 MP2, Cores: 2","1 GB, 533 MHz",8 GB,"microSD, microSDHC","4.5 in, IPS, 480 x 854 pixels, 24 bit","2000 mAh, Li-Polymer",Android 5.1 Lollipop,"3264 x 2448 pixels, 1920 x 1080 pixels, 30 fps",Mini-SIM,"b, g, n, Wi-Fi Hotspot","2.0, Micro USB",4.0,"GPS, A-GPS",,https://www.devicespecifications.com/images/model/0279358e/320/main.jpg,Iris X1 Selfie;
lava,135 g,MediaTek MT6582,"ARM Cortex-A7, 1300 MHz, Cores: 4","ARM Mali-400 MP2, 500 MHz, Cores: 2","2 GB, 533 MHz",32 GB,"microSD, microSDHC","5.5 in, IPS, 720 x 1280 pixels, 24 bit","2650 mAh, Li-Polymer",Android 5.1.1 Lollipop,"3264 x 2448 pixels, 1920 x 1080 pixels, 30 fps","Micro-SIM, Mini-SIM","b, g, n, Wi-Fi Hotspot","2.0, Micro USB",4.0,"GPS, A-GPS",,https://www.devicespecifications.com/images/model/5bd8355c/320/main.jpg,Pixel V1;
lava,160 g,MediaTek MT6582,"ARM Cortex-A7, 1300 MHz, Cores: 4","ARM Mali-400 MP2, 500 MHz, Cores: 2","1 GB, 533 MHz",8 GB,"microSD, microSDHC","5 in, TFT, 480 x 854 pixels, 24 bit","2000 mAh, Li-Polymer",Android 5.0.1 Lollipop,"2592 x 1944 pixels, 1280 x 720 pixels, 30 fps",Mini-SIM,"b, g, n, Wi-Fi Hotspot","2.0, Micro USB",2.1,"GPS, A-GPS",,https://www.devicespecifications.com/images/model/497b3556/320/main.jpg,Flair Z1;
lava,112 g,Spreadtrum SC7715,"ARM Cortex-A7, 1000 MHz, Cores: 1","ARM Mali-400 MP1, Cores: 1","512 MB, 333 MHz",8 GB,"microSD, microSDHC","4 in, TFT, 480 x 800 pixels, 24 bit","1400 mAh, Li-Ion",Android 4.4.2 KitKat,"2592 x 1944 pixels, 640 x 480 pixels, 30 fps","Mini-SIM, Micro-SIM","b, g, n","2.0, Micro USB",2.0,,,https://www.devicespecifications.com/images/model/f6c235e1/320/main.jpg,Iris X1 Atom S;
lava,110 g,Spreadtrum SC7715,"ARM Cortex-A7, 1000 MHz, Cores: 1","ARM Mali-400 MP1, Cores: 1","256 MB, 333 MHz",2 GB,"microSD, microSDHC","4 in, TFT, 480 x 800 pixels, 24 bit","1400 mAh, Li-Ion",Android 4.4.2 KitKat,"1600 x 1200 pixels, 640 x 480 pixels, 30 fps",Mini-SIM,"b, g, n","2.0, Micro USB",2.0,"GPS, A-GPS",,https://www.devicespecifications.com/images/model/903f3550/320/main.jpg,Flair P1;
lava,120 g,Spreadtrum SC7731G,"ARM Cortex-A7, 1200 MHz, Cores: 4","ARM Mali-400 MP2, 400 MHz, Cores: 2",512 MB,"4 GB, 8 GB","microSD, microSDHC","4 in, TFT, 480 x 800 pixels, 24 bit","1750 mAh, Li-Ion",Android 4.4.2 KitKat,"2592 x 1944 pixels, 1280 x 720 pixels, 30 fps","Mini-SIM, Micro-SIM","b, g, n, Wi-Fi Hotspot","2.0, Micro USB",2.1,A-GPS,,https://www.devicespecifications.com/images/model/41ec35e0/320/main.jpg,Iris X1 Atom;
lava,165 g,MediaTek MT6582,"ARM Cortex-A7, 1300 MHz, Cores: 4","ARM Mali-400 MP2, 500 MHz, Cores: 2","1 GB, 533 MHz",8 GB,"microSD, microSDHC","5.5 in, IPS, 540 x 960 pixels, 24 bit","3000 mAh, Li-Polymer",Android 5.0 Lollipop,"3264 x 2448 pixels, 1920 x 1080 pixels, 30 fps",Mini-SIM,"b, g, n, Wi-Fi Hotspot","2.0, Micro USB",4.0,"GPS, A-GPS",,https://www.devicespecifications.com/images/model/f57333c5/320/main.jpg,Iris Alfa L;
lava,143 g,MediaTek MT6582,"ARM Cortex-A7, 1300 MHz, Cores: 4","ARM Mali-400 MP2, 500 MHz, Cores: 2","2 GB, 533 MHz",16 GB,"microSD, microSDHC","5 in, IPS, 720 x 1280 pixels, 24 bit","2500 mAh, Li-Polymer",Star OS (Android 4.4.2 KitKat),"4128 x 3096 pixels, 1920 x 1080 pixels, 30 fps",Micro-SIM,"b, g, n, Wi-Fi Hotspot","2.0, Micro USB",4.0,"GPS, A-GPS",,https://www.devicespecifications.com/images/model/bf84338e/320/main.jpg,Iris Icon;
lava,143 g,MediaTek MT6572,"ARM Cortex-A7, 1300 MHz, Cores: 2","ARM Mali-400 MP1, 500 MHz, Cores: 1","512 MB, 266 MHz",4 GB,"microSD, microSDHC","5 in, TFT, 480 x 854 pixels, 24 bit","3000 mAh, Li-Polymer",Android 4.4 KitKat,"2560 x 1920 pixels, 1280 x 720 pixels",,"b, g, n, Wi-Fi Hotspot","2.0, Micro USB",4.0,"GPS, A-GPS",,https://www.devicespecifications.com/images/model/6301332a/320/main.jpg,Iris Fuel25;
lava,160 g,MediaTek MT6582M,"ARM Cortex-A7, 1300 MHz, Cores: 4","ARM Mali-400 MP2, 416 MHz, Cores: 2","1 GB, 533 MHz",8 GB,"microSD, microSDHC","4.5 in, TFT, 480 x 854 pixels, 24 bit","3000 mAh, Li-Polymer",Android 4.4 KitKat,"2560 x 1920 pixels, 1920 x 1080 pixels, 30 fps",,"b, g, n, Wi-Fi Hotspot","2.0, Micro USB",4.0,"GPS, A-GPS",,https://www.devicespecifications.com/images/model/252e3329/320/main.jpg,Iris Fuel10;
lava,,MediaTek MT6572,"ARM Cortex-A7, 1300 MHz, Cores: 2","ARM Mali-400 MP1, 500 MHz, Cores: 1","512 MB, 266 MHz",4 GB,"microSD, microSDHC","5 in, TFT, 480 x 854 pixels, 24 bit","4400 mAh, Li-Polymer",Android 4.4 KitKat,"2560 x 1920 pixels, 1280 x 720 pixels",,"b, g, n, Wi-Fi Hotspot","2.0, Micro USB",4.0,A-GPS,,https://www.devicespecifications.com/images/model/85643291/320/main.jpg,Iris Fuel20;
lava,,,"ARM Cortex-A5, 1300 MHz, Cores: 4","PowerVR SGX540, 500 MHz","1 GB, 533 MHz",16 GB,"microSD, microSDHC","10.1 in, IPS, 1280 x 800 pixels, 24 bit","6000 mAh, Li-Polymer",Android 4.2.2 Jelly Bean,"1600 x 1200 pixels, 640 x 480 pixels",,"b, g, n, Wi-Fi Hotspot","2.0, Micro USB",3.0,"GPS, A-GPS",,https://www.devicespecifications.com/images/model/caf0328d/320/main.jpg,Xtron Mega;
lava,146 g,MediaTek MT6572,"ARM Cortex-A7, 1300 MHz, Cores: 2","ARM Mali-400 MP1, 500 MHz, Cores: 1","512 MB, 266 MHz",4 GB,"microSD, microSDHC","4.5 in, TFT, 480 x 854 pixels, 24 bit","1750 mAh, Li-Ion",Android 4.4 KitKat,2048 x 1536 pixels,,"b, g, n, Wi-Fi Hotspot","2.0, Micro USB",3.0,"GPS, A-GPS",,https://www.devicespecifications.com/images/model/40003285/320/main.jpg,Iris 465;
lava,160 g,MediaTek MT6592M,"ARM Cortex-A7, 1400 MHz, Cores: 8","ARM Mali-450 MP4, 600 MHz, Cores: 4",2 GB,16 GB,"microSD, microSDHC","5 in, IPS, 720 x 1280 pixels, 24 bit","2500 mAh, Li-Polymer",Android 4.4.2 KitKat,"3264 x 2448 pixels, 1920 x 1080 pixels, 30 fps",Micro-SIM,"b, g, n, Wi-Fi Hotspot","2.0, Micro USB",4.0,"GPS, A-GPS",,https://www.devicespecifications.com/images/model/97a83261/320/main.jpg,Iris X8;
lava,147 g,MediaTek MT6572,"ARM Cortex-A7, 1300 MHz, Cores: 2","ARM Mali-400 MP1, 500 MHz, Cores: 1","512 MB, 266 MHz",4 GB,"microSD, microSDHC","4.5 in, IPS, 480 x 854 pixels, 18 bit","1650 mAh, Li-Ion",Android 4.4.2 KitKat,2560 x 1920 pixels,,"b, g, n, Wi-Fi Hotspot","2.0, Micro USB",3.0,"GPS, A-GPS",,https://www.devicespecifications.com/images/model/adab3274/320/main.jpg,Iris 470;
lava,136 g,Broadcom BCM23550,"ARM Cortex-A7, 1200 MHz, Cores: 4",Broadcom VideoCore IV,512 MB,4 GB,"microSD, microSDHC","4 in, IPS, 480 x 800 pixels, 24 bit","1750 mAh, Li-Ion",Android 4.4.2 KitKat,"2592 x 1944 pixels, 1280 x 720 pixels, 30 fps","Mini-SIM, Micro-SIM","b, g, n, Wi-Fi Hotspot","2.0, Micro USB",2.1,"GPS, A-GPS",,https://www.devicespecifications.com/images/model/228b323d/320/main.jpg,Iris X1 mini;
lava,154 g,MediaTek MT6582M,"ARM Cortex-A7, 1300 MHz, Cores: 4","ARM Mali-400 MP2, 416 MHz, Cores: 2","1 GB, 533 MHz",8 GB,"microSD, microSDHC","5 in, IPS, 480 x 854 pixels, 24 bit","2200 mAh, Li-Polymer",Android 4.4.2 KitKat,"3264 x 2448 pixels, 1920 x 1080 pixels, 30 fps","Mini-SIM, Micro-SIM","b, g, n, Wi-Fi Hotspot","2.0, Micro USB",4.0,"GPS, A-GPS",,https://www.devicespecifications.com/images/model/55a8323c/320/main.jpg,Iris X1 Grand;
lava,156 g,Spreadtrum SC7731G,"ARM Cortex-A7, 1200 MHz, Cores: 4","ARM Mali-400 MP2, 400 MHz, Cores: 2",1 GB,8 GB,"microSD, microSDHC","5 in, IPS, 480 x 854 pixels, 24 bit","2200 mAh, Li-Polymer",Android 4.4.2 KitKat,"2592 x 1944 pixels, 1920 x 1080 pixels, 30 fps",,"b, g, n, Wi-Fi Hotspot","2.0, Micro USB",2.1,"GPS, A-GPS",,https://www.devicespecifications.com/images/model/14713213/320/main.jpg,Iris Alfa;
lava,174 g,MediaTek MT6582,"ARM Cortex-A7, 1300 MHz, Cores: 4","ARM Mali-400 MP2, 500 MHz, Cores: 2","1 GB, 533 MHz",8 GB,"microSD, microSDHC","5 in, IPS, 720 x 1280 pixels, 24 bit","4000 mAh, Li-Polymer",Android 4.4.2 KitKat,"4320 x 2432 pixels, 1920 x 1080 pixels, 30 fps",Micro-SIM,"b, g, n, Wi-Fi Hotspot","2.0, Micro USB",4.0,"GPS, A-GPS",,https://www.devicespecifications.com/images/model/456a3173/320/main.jpg,Iris fuel60;
lava,,MediaTek MT6572,"ARM Cortex-A7, 1300 MHz, Cores: 2","ARM Mali-400 MP1, 500 MHz, Cores: 1","256 MB, 266 MHz",512 MB,"microSD, microSDHC","4 in, TFT, 480 x 800 pixels, 24 bit","1450 mAh, Li-Ion",Android 4.2 Jelly Bean,2048 x 1536 pixels,Mini-SIM,"b, g, n, Wi-Fi Hotspot","2.0, Micro USB",3.0,,,https://www.devicespecifications.com/images/model/b0ea3273/320/main.jpg,Iris 401;
lava,,Qualcomm Snapdragon 200 MSM8212,"ARM Cortex-A7, 1200 MHz, Cores: 4",Qualcomm Adreno 302,1 GB,8 GB,"microSD, microSDHC","4 in, IPS, 480 x 800 pixels, 24 bit","1950 mAh, Li-Ion",Microsoft Windows Phone 8.1,2592 x 1944 pixels,,"b, g, n, Wi-Fi Hotspot","2.0, Micro USB",3.0,"GPS, A-GPS",,https://www.devicespecifications.com/images/model/1e673128/320/main.jpg,Iris win 1;
lava,,Broadcom BCM23550,"ARM Cortex-A7, 1200 MHz, Cores: 4",Broadcom VideoCore IV,1 GB,8 GB,"microSD, microSDHC","5 in, IPS, 720 x 1280 pixels, 24 bit","2400 mAh, Li-Polymer",Android 4.4.2 KitKat,"3264 x 2448 pixels, 1280 x 720 pixels, 30 fps","Mini-SIM, Micro-SIM","b, g, n, Wi-Fi Hotspot","2.0, Micro USB",4.0,"GPS, A-GPS",,https://www.devicespecifications.com/images/model/615830a8/320/main.jpg,Iris selfie 50;
lava,160 g,MediaTek MT6582,"ARM Cortex-A7, 1300 MHz, Cores: 4","ARM Mali-400 MP2, 500 MHz, Cores: 2","1 GB, 533 MHz",8 GB,"microSD, microSDHC","5 in, TFT, 480 x 854 pixels, 24 bit","3000 mAh, Li-Polymer",Android 4.4.2 KitKat,"3264 x 2448 pixels, 1280 x 720 pixels, 30 fps",Micro-SIM,"b, g, n, Wi-Fi Hotspot","2.0, Micro USB",4.0,"GPS, A-GPS",,https://www.devicespecifications.com/images/model/57473073/320/main.jpg,Iris fuel50;
lava,320 g,MediaTek MT8127,"ARM Cortex-A7, 1300 MHz, Cores: 4","ARM Mali-450 MP4, 600 MHz, Cores: 4","1 GB, 666 MHz",16 GB,"microSD, microSDHC","7 in, TFT, 1024 x 600 pixels, 24 bit","4000 mAh, Li-Polymer",Android 4.4 KitKat,1600 x 1200 pixels,,"a, b, g, n, n 5GHz, Dual band, Wi-Fi Hotspot","2.0, Micro USB",4.0,GPS,,https://www.devicespecifications.com/images/model/7f883026/320/main.jpg,Xtron Z704;
lava,300 g,MediaTek MT8312,"ARM Cortex-A7, 1300 MHz, Cores: 2","ARM Mali-400 MP1, 500 MHz, Cores: 1",1 GB,4 GB,"microSD, microSDHC","7 in, LCD, 1024 x 600 pixels",2500 mAh,Android 4.2 Jelly Bean,1600 x 1200 pixels,,"b, g, n, n 5GHz, Dual band, Wi-Fi Hotspot","2.0, Micro USB",,,,https://www.devicespecifications.com/images/model/e46d2fd2/320/main.jpg,IvoryE;
lava,,MediaTek MT6572,"ARM Cortex-A7, 1300 MHz, Cores: 2","ARM Mali-400 MP1, 500 MHz, Cores: 1","512 MB, 266 MHz",4 GB,"microSD, microSDHC","4 in, TFT, 480 x 800 pixels, 18 bit","1700 mAh, Li-Ion",Android 4.4.2 KitKat,"2048 x 1536 pixels, 640 x 480 pixels, 30 fps",,"a, b, g, n, Wi-Fi Hotspot","2.0, Micro USB",4.0,"GPS, A-GPS",,https://www.devicespecifications.com/images/model/caf22f76/320/main.jpg,Iris 410;
lava,,MediaTek MT6572,"ARM Cortex-A7, 1300 MHz, Cores: 2","ARM Mali-400 MP1, 500 MHz, Cores: 1","512 MB, 266 MHz",4 GB,"microSD, microSDHC","4 in, TFT, 480 x 800 pixels, 18 bit","1400 mAh, Li-Ion",Android 4.4.2 KitKat,"2592 x 1944 pixels, 1280 x 720 pixels, 25 fps",,"b, g, n","2.0, Micro USB",3.0,"GPS, A-GPS",,https://www.devicespecifications.com/images/model/25453082/320/main.jpg,Iris 404 Flair;
lava,134 g,Broadcom BCM23550,"ARM Cortex-A7, 1200 MHz, Cores: 4",Broadcom VideoCore IV,1 GB,8 GB,"microSD, microSDHC","5 in, IPS, 720 x 1280 pixels, 24 bit","2100 mAh, Li-Ion",Android 4.4.2 KitKat,"3264 x 2448 pixels, 1280 x 720 pixels, 30 fps","Mini-SIM, Micro-SIM","b, g, n, Wi-Fi Hotspot","2.0, Micro USB",4.0,"GPS, A-GPS",,https://www.devicespecifications.com/images/model/e8e22f5a/320/main.jpg,Iris X5;
lava,116 g,MediaTek MT6589T,"ARM Cortex-A7, 1500 MHz, Cores: 4","PowerVR SGX544 MP, 357 MHz, Cores: 1",1 GB,16 GB,"microSD, microSDHC","4.7 in, IPS, 720 x 1280 pixels, 24 bit","2000 mAh, Li-Polymer",Android 4.2 Jelly Bean,"4128 x 3096 pixels, 1280 x 720 pixels, 30 fps","Mini-SIM, Micro-SIM","b, g, n, Wi-Fi Hotspot","2.0, Micro USB",4.0,"GPS, A-GPS",,https://www.devicespecifications.com/images/model/40322eed/320/main.jpg,Iris Pro 30+;
lava,118 g,MediaTek MT6572,"ARM Cortex-A7, 1000 MHz, Cores: 2","ARM Mali-400 MP1, 500 MHz, Cores: 1","512 MB, 266 MHz",4 GB,"microSD, microSDHC","3.5 in, TFT, 320 x 480 pixels, 18 bit","1400 mAh, Li-Ion",Android 4.2.2 Jelly Bean,2048 x 1536 pixels,Mini-SIM,"b, g, n, Wi-Fi Hotspot","2.0, Micro USB",4.0,"GPS, A-GPS",,https://www.devicespecifications.com/images/model/09132ec0/320/main.jpg,Iris 360 Music;
lava,,MediaTek MT6572,"ARM Cortex-A7, 1300 MHz, Cores: 2","ARM Mali-400 MP1, 500 MHz, Cores: 1","1 GB, 266 MHz",8 GB,"microSD, microSDHC, microSDXC","4.5 in, IPS, 480 x 854 pixels, 24 bit","1650 mAh, Li-Ion",Android 4.4.2 KitKat,"2592 x 1944 pixels, 1280 x 720 pixels, 30 fps","Micro-SIM, Mini-SIM","b, g, n, Wi-Fi Hotspot","2.0, Micro USB",4.0,"GPS, A-GPS",,https://www.devicespecifications.com/images/model/44f12e3f/320/main.jpg,Iris 460;
lava,207 g,Broadcom BCM23550,"ARM Cortex-A7, 1200 MHz, Cores: 4",VideoCore IV,1 GB,8 GB,"microSD, microSDHC, microSDXC","6 in, IPS, 720 x 1280 pixels, 24 bit","2800 mAh, Li-Ion",Android 4.4 KitKat,"3264 x 2448 pixels, 1920 x 1080 pixels, 30 fps",Mini-SIM,"b, g, n, Wi-Fi Hotspot","2.0, Micro USB",,"GPS, A-GPS",,https://www.devicespecifications.com/images/model/64552dcf/320/main.jpg,Magnum X604;
lava,100 g,MediaTek MT6572,"ARM Cortex-A7, 1300 MHz, Cores: 2","ARM Mali-400 MP1, 500 MHz, Cores: 1","512 MB, 266 MHz",512 MB,"microSD, microSDHC, microSDXC","4 in, TFT, 480 x 800 pixels","1450 mAh, Li-Ion",Android 4.2.2 Jelly Bean,2048 x 1536 pixels,Mini-SIM,"b, g, n","2.0, Micro USB",,"GPS, A-GPS",,https://www.devicespecifications.com/images/model/f1dc2dbc/320/main.jpg,Iris 402e;
lava,80 g,,"1000 MHz, Cores: 2",ARM Mali-400,512 MB,512 MB,"microSD, microSDHC, microSDXC","3.5 in, TFT, 320 x 480 pixels, 24 bit","1200 mAh, Li-Ion",Android 4.2.2 Jelly Bean,1600 x 1200 pixels,Mini-SIM,"b, g, n","2.0, Micro USB",,"GPS, A-GPS",,https://www.devicespecifications.com/images/model/d75a2dbb/320/main.jpg,Iris 350M;
lava,120 g,,"1000 MHz, Cores: 2",ARM Mali-400,512 MB,512 MB,"microSD, microSDHC, microSDXC","4 in, TFT, 480 x 800 pixels, 18 bit","1500 mAh, Li-Ion",Android 4.2.2 Jelly Bean,1600 x 1200 pixels,Mini-SIM,"b, g, n","2.0, Micro USB",,"GPS, A-GPS",,https://www.devicespecifications.com/images/model/9a252dba/320/main.jpg,3G 412;
lava,138 g,Broadcom BCM23550,"ARM Cortex-A7, 1200 MHz, Cores: 4",Broadcom VideoCore IV,1 GB,4 GB,"microSD, microSDHC, microSDXC","4.5 in, IPS, 480 x 854 pixels, 24 bit","1800 mAh, Li-Ion",Android 4.4.2 KitKat,"3264 x 2448 pixels, 1280 x 720 pixels, 29 fps","Mini-SIM, Micro-SIM","b, g, n, Wi-Fi Hotspot","2.0, Micro USB",4.0,"GPS, A-GPS",,https://www.devicespecifications.com/images/model/60652d0e/320/main.jpg,Iris X1;
lava,103 g,MediaTek MT6572,"ARM Cortex-A7, 1000 MHz, Cores: 2","ARM Mali-400 MP1, 500 MHz, Cores: 1","256 MB, 266 MHz",2 GB,"microSD, microSDHC, microSDXC","3.5 in, TFT, 320 x 480 pixels, 18 bit","1400 mAh, Li-Ion",Android 4.2 Jelly Bean,1600 x 1200 pixels,Mini-SIM,"b, g, n","2.0, Micro USB",,"GPS, A-GPS",,https://www.devicespecifications.com/images/model/09e82d11/320/main.jpg,3G 354;
lava,119 g,MediaTek MT6572,"ARM Cortex-A7, 1000 MHz, Cores: 2","ARM Mali-400 MP1, 500 MHz, Cores: 1","512 MB, 266 MHz",4 GB,"microSD, microSDHC, microSDXC","4 in, TFT, 480 x 800 pixels, 18 bit","1500 mAh, Li-Ion",Android 4.2 Jelly Bean,"2592 x 1944 pixels, 1280 x 720 pixels, 30 fps",,"b, g, n","2.0, Micro USB",,"GPS, A-GPS",,https://www.devicespecifications.com/images/model/51542d10/320/main.jpg,3G 415;
lava,149 g,MediaTek MT6582,"ARM Cortex-A7, 1300 MHz, Cores: 4","ARM Mali-400 MP2, 500 MHz, Cores: 2","1 GB, 533 MHz",8 GB,"microSD, microSDHC, microSDXC","5 in, IPS, 720 x 1280 pixels, 24 bit","2000 mAh, Li-Polymer",Android 4.2.2 Jelly Bean,"4320 x 2432 pixels, 1920 x 1088 pixels, 30 fps","Micro-SIM, Mini-SIM","b, g, n","2.0, Micro USB",3.0,"GPS, A-GPS",,https://www.devicespecifications.com/images/model/2ac32d12/320/main.jpg,Iris 504q+;
lava,136 g,MediaTek MT6572,"ARM Cortex-A7, 1300 MHz, Cores: 2","ARM Mali-400 MP1, 500 MHz, Cores: 1","512 MB, 266 MHz",4 GB,"microSD, microSDHC, microSDXC","4.5 in, IPS, 480 x 854 pixels, 24 bit","1800 mAh, Li-Ion",Android 4.2 Jelly Bean,"2592 x 1944 pixels, 1280 x 720 pixels, 30 fps",Mini-SIM,"b, g, n","2.0, Micro USB",4.0,"GPS, A-GPS",,https://www.devicespecifications.com/images/model/f2fc2d13/320/main.jpg,Iris 450 Colour;
lava,,Qualcomm Snapdragon 200 MSM8610,"ARM Cortex-A7, 1200 MHz, Cores: 2",Qualcomm Adreno 302,1 GB,4 GB,"microSD, microSDHC, microSDXC","4 in, TFT, 480 x 800 pixels, 24 bit","1700 mAh, Li-Ion",Android 4.3 Jelly Bean,"2592 x 1944 pixels, 1280 x 720 pixels, 30 fps",,"b, g, n, Wi-Fi Hotspot","2.0, Micro USB",4.0,"GPS, A-GPS",,https://www.devicespecifications.com/images/model/b8732d17/320/main.jpg,Iris 406Q;
lava,114 g,MediaTek MT6589,"ARM Cortex-A7, 1200 MHz, Cores: 4","PowerVR SGX544 MP, 286 MHz, Cores: 1","1 GB, 533 MHz",4 GB,"microSD, microSDHC","4.7 in, IPS, 720 x 1280 pixels, 24 bit","2000 mAh, Li-Polymer",Android 4.2.2 Jelly Bean,"3264 x 2448 pixels, 1280 x 720 pixels, 30 fps","Mini-SIM, Micro-SIM","b, g, n","2.0, Micro USB",4.0,"GPS, A-GPS",,https://www.devicespecifications.com/images/model/cf592f71/320/main.jpg,Iris Pro 30;
